split,method,n,available,correct,tp,fp,tn,fn,abstained,missing,accuracy,coverage,covered_accuracy,precision,recall,f1
development,ast-change,45,45,31,15,14,16,0,0,0,0.6888888888888889,1.0,0.6888888888888889,0.5172413793103449,1.0,0.6818181818181818
development,ci-tests-budget-3,45,45,43,13,0,30,2,0,0,0.9555555555555556,1.0,0.9555555555555556,1.0,0.8666666666666667,0.9285714285714286
development,ci-tests-full,45,45,45,15,0,30,0,0,0,1.0,1.0,1.0,1.0,1.0,1.0
development,jev-direct,45,45,42,12,0,30,3,2,0,0.9333333333333333,0.9555555555555556,0.9767441860465116,1.0,0.8,0.8888888888888888
development,meaningci-jsd,45,45,13,9,3,4,6,29,0,0.28888888888888886,0.35555555555555557,0.8125,0.75,0.6,0.6666666666666666
development,meaningci-label,45,45,7,3,0,4,12,38,0,0.15555555555555556,0.15555555555555556,1.0,1.0,0.2,0.3333333333333333
development,tests-budget-3,45,45,42,12,0,30,3,1,0,0.9333333333333333,0.9777777777777777,0.9545454545454546,1.0,0.8,0.8888888888888888
development,tests-full,45,45,44,14,0,30,1,1,0,0.9777777777777777,0.9777777777777777,1.0,1.0,0.9333333333333333,0.9655172413793104
development,text-change,45,45,16,15,29,1,0,0,0,0.35555555555555557,1.0,0.35555555555555557,0.3409090909090909,1.0,0.5084745762711864
validation,ast-change,24,24,17,8,7,9,0,0,0,0.7083333333333334,1.0,0.7083333333333334,0.5333333333333333,1.0,0.6956521739130435
validation,ci-tests-budget-3,24,24,22,7,1,15,1,0,0,0.9166666666666666,1.0,0.9166666666666666,0.875,0.875,0.875
validation,ci-tests-full,24,24,23,8,1,15,0,0,0,0.9583333333333334,1.0,0.9583333333333334,0.8888888888888888,1.0,0.9411764705882353
validation,jev-direct,24,24,22,6,0,16,2,1,0,0.9166666666666666,0.9583333333333334,0.9565217391304348,1.0,0.75,0.8571428571428571
validation,meaningci-jsd,24,24,4,4,2,0,4,18,0,0.16666666666666666,0.25,0.6666666666666666,0.6666666666666666,0.5,0.5714285714285714
validation,meaningci-label,24,24,3,2,0,1,6,21,0,0.125,0.125,1.0,1.0,0.25,0.4
validation,tests-budget-3,24,24,22,7,0,15,1,1,0,0.9166666666666666,0.9583333333333334,0.9565217391304348,1.0,0.875,0.9333333333333333
validation,tests-full,24,24,23,8,0,15,0,1,0,0.9583333333333334,0.9583333333333334,1.0,1.0,1.0,1.0
validation,text-change,24,24,9,8,15,1,0,0,0,0.375,1.0,0.375,0.34782608695652173,1.0,0.5161290322580645
test,ast-change,24,24,17,8,7,9,0,0,0,0.7083333333333334,1.0,0.7083333333333334,0.5333333333333333,1.0,0.6956521739130435
test,ci-tests-budget-3,24,24,24,8,0,16,0,0,0,1.0,1.0,1.0,1.0,1.0,1.0
test,ci-tests-full,24,24,24,8,0,16,0,0,0,1.0,1.0,1.0,1.0,1.0,1.0
test,jev-direct,24,24,21,5,0,16,3,2,0,0.875,0.9166666666666666,0.9545454545454546,1.0,0.625,0.7692307692307693
test,meaningci-jsd,24,24,9,4,2,5,4,13,0,0.375,0.4583333333333333,0.8181818181818182,0.6666666666666666,0.5,0.5714285714285714
test,meaningci-label,24,24,7,1,0,6,7,15,0,0.2916666666666667,0.375,0.7777777777777778,1.0,0.125,0.2222222222222222
test,tests-budget-3,24,24,23,7,0,16,1,1,0,0.9583333333333334,0.9583333333333334,1.0,1.0,0.875,0.9333333333333333
test,tests-full,24,24,23,7,0,16,1,1,0,0.9583333333333334,0.9583333333333334,1.0,1.0,0.875,0.9333333333333333
test,text-change,24,24,9,8,15,1,0,0,0,0.375,1.0,0.375,0.34782608695652173,1.0,0.5161290322580645
all,ast-change,93,93,65,31,28,34,0,0,0,0.6989247311827957,1.0,0.6989247311827957,0.5254237288135594,1.0,0.6888888888888889
all,ci-tests-budget-3,93,93,89,28,1,61,3,0,0,0.956989247311828,1.0,0.956989247311828,0.9655172413793104,0.9032258064516129,0.9333333333333333
all,ci-tests-full,93,93,92,31,1,61,0,0,0,0.989247311827957,1.0,0.989247311827957,0.96875,1.0,0.9841269841269841
all,jev-direct,93,93,85,23,0,62,8,5,0,0.9139784946236559,0.946236559139785,0.9659090909090909,1.0,0.7419354838709677,0.8518518518518519
all,meaningci-jsd,93,93,26,17,7,9,14,60,0,0.27956989247311825,0.3548387096774194,0.7878787878787878,0.7083333333333334,0.5483870967741935,0.6181818181818182
all,meaningci-label,93,93,17,6,0,11,25,74,0,0.1827956989247312,0.20430107526881722,0.8947368421052632,1.0,0.1935483870967742,0.32432432432432434
all,tests-budget-3,93,93,87,26,0,61,5,3,0,0.9354838709677419,0.967741935483871,0.9666666666666667,1.0,0.8387096774193549,0.9122807017543859
all,tests-full,93,93,90,29,0,61,2,3,0,0.967741935483871,0.967741935483871,1.0,1.0,0.9354838709677419,0.9666666666666667
all,text-change,93,93,34,31,59,3,0,0,0,0.3655913978494624,1.0,0.3655913978494624,0.34444444444444444,1.0,0.512396694214876
